Date,Confirmed,Deaths,Recovered,Active,New cases,New deaths,New recovered,Deaths / 100 Cases,Recovered / 100 Cases,Deaths / 100 Recovered,No. of countries,New_Confirmed,New_Deaths,New_Recovered,Confirmed_7day_avg,Death_Rate,Recovery_Rate
2020-01-22,555,17,28,510,0,0,0,3.06,5.05,60.71,6,,,,,3.063063063063063,5.045045045045045
2020-01-23,654,18,30,606,99,1,2,2.75,4.59,60.0,8,99.0,1.0,2.0,,2.7522935779816518,4.587155963302752
2020-01-24,941,26,36,879,287,8,6,2.76,3.83,72.22,9,287.0,8.0,6.0,,2.763018065887354,3.825717321997875
2020-01-25,1434,42,39,1353,493,16,3,2.93,2.72,107.69,11,493.0,16.0,3.0,,2.928870292887029,2.7196652719665275
2020-01-26,2118,56,52,2010,684,14,13,2.64,2.46,107.69,13,684.0,14.0,13.0,,2.644003777148253,2.4551463644948064
2020-01-27,2927,82,61,2784,809,26,9,2.8,2.08,134.43,16,809.0,26.0,9.0,,2.801503245644004,2.0840450973693203
2020-01-28,5578,131,107,5340,2651,49,46,2.35,1.92,122.43,16,2651.0,49.0,46.0,,2.3485120114736464,1.9182502689135892
2020-01-29,6166,133,125,5908,588,2,18,2.16,2.03,106.4,18,588.0,2.0,18.0,801.5714285714286,2.156989944858904,2.027246188777165
2020-01-30,8234,171,141,7922,2068,38,16,2.08,1.71,121.28,20,2068.0,38.0,16.0,1082.857142857143,2.0767549186300704,1.7124119504493562
2020-01-31,9927,213,219,9495,1693,42,78,2.15,2.21,97.26,24,1693.0,42.0,78.0,1283.7142857142858,2.1456633423995166,2.206104563312179
2020-02-01,12038,259,281,11498,2111,46,62,2.15,2.33,92.17,25,2111.0,46.0,62.0,1514.857142857143,2.1515201860774216,2.3342747964778203
2020-02-02,16787,362,459,15966,4749,103,178,2.16,2.73,78.87,25,4749.0,103.0,178.0,2095.5714285714284,2.1564305712753917,2.7342586525287422
2020-02-03,19887,426,604,18857,3100,64,145,2.14,3.04,70.53,25,3100.0,64.0,145.0,2422.8571428571427,2.1421028812792278,3.037159953738623
2020-02-04,23898,492,821,22585,4011,66,217,2.06,3.44,59.93,26,4011.0,66.0,217.0,2617.1428571428573,2.0587496861662067,3.435433927525316
2020-02-05,27643,564,1071,26008,3745,72,250,2.04,3.87,52.66,26,3745.0,72.0,250.0,3068.1428571428573,2.040299533335745,3.8743985819194733
2020-02-06,30802,634,1418,28750,3159,70,347,2.06,4.6,44.71,26,3159.0,70.0,347.0,3224.0,2.0583079020842803,4.603597169014999
2020-02-07,34334,719,1903,31712,3532,85,485,2.09,5.54,37.78,26,3532.0,85.0,485.0,3486.714285714286,2.094134094483602,5.542610823090813
2020-02-08,37068,806,2470,33792,2734,87,567,2.17,6.66,32.63,26,2734.0,87.0,567.0,3575.714285714286,2.1743822164670337,6.663429373044136
2020-02-09,40095,906,3057,36132,3027,100,587,2.26,7.62,29.64,26,3027.0,100.0,587.0,3329.714285714286,2.259633370744482,7.624392068836514
2020-02-10,42633,1013,3714,37906,2538,107,657,2.38,8.71,27.28,26,2538.0,107.0,657.0,3249.4285714285716,2.37609363638496,8.711561466469636
2020-02-11,44675,1113,4417,39145,2042,100,703,2.49,9.89,25.2,26,2042.0,100.0,703.0,2968.1428571428573,2.491326245103526,9.886961387800783
2020-02-12,46561,1118,4849,40594,1886,5,432,2.4,10.41,23.06,26,1886.0,5.0,432.0,2702.5714285714284,2.401151178024527,10.414295225618005
2020-02-13,60206,1371,5930,52905,13645,253,1081,2.28,9.85,23.12,26,13645.0,253.0,1081.0,4200.571428571428,2.277181676244892,9.849516659469156
2020-02-14,66690,1523,7613,57554,6484,152,1683,2.28,11.42,20.01,27,6484.0,152.0,1683.0,4622.285714285715,2.283700704753336,11.41550457339931
2020-02-15,68765,1666,8902,58197,2075,143,1289,2.42,12.95,18.71,27,2075.0,143.0,1289.0,4528.142857142857,2.42274412855377,12.945539155093433
2020-02-16,70879,1770,10319,58790,2114,104,1417,2.5,14.56,17.15,27,2114.0,104.0,1417.0,4397.714285714285,2.497213561139407,14.558613975930811
2020-02-17,72815,1868,11951,58996,1936,98,1632,2.57,16.41,15.63,27,1936.0,98.0,1632.0,4311.714285714285,2.5654054796401837,16.4128270273982
2020-02-18,74609,2008,13693,58908,1794,140,1742,2.69,18.35,14.66,27,1794.0,140.0,1742.0,4276.285714285715,2.6913643126164404,18.35301371148253
2020-02-19,75030,2123,15394,57513,421,115,1701,2.83,20.52,13.79,28,421.0,115.0,1701.0,4067.0,2.8295348527255766,20.517126482740235
2020-02-20,75577,2246,17369,55962,547,123,1975,2.97,22.98,12.93,28,547.0,123.0,1975.0,2195.8571428571427,2.971803591039602,22.981859560448285
2020-02-21,76206,2250,17966,55990,629,4,597,2.95,23.58,12.52,30,629.0,4.0,597.0,1359.4285714285713,2.952523423352492,23.575571477311495
2020-02-22,77967,2457,21849,53661,1761,207,3883,3.15,28.02,11.25,30,1761.0,207.0,3883.0,1314.5714285714287,3.1513332563776983,28.02339451306322
2020-02-23,78290,2467,22304,53519,323,10,455,3.15,28.49,11.06,31,323.0,10.0,455.0,1058.7142857142858,3.151104866521906,28.488951334780943
2020-02-24,78854,2627,24047,52180,564,160,1743,3.33,30.5,10.92,36,564.0,160.0,1743.0,862.7142857142857,3.3314733558221525,30.495599462297413
2020-02-25,79707,2707,26652,50348,853,80,2605,3.4,33.44,10.16,41,853.0,80.0,2605.0,728.2857142857143,3.39618854052969,33.43746471451692
2020-02-26,80670,2767,29077,48826,963,60,2425,3.43,36.04,9.52,47,963.0,60.0,2425.0,805.7142857142857,3.4300235527457543,36.04437833147391
2020-02-27,82034,2810,31919,47305,1364,43,2842,3.43,38.91,8.8,51,1364.0,43.0,2842.0,922.4285714285714,3.4254089767657314,38.90947655850013
2020-02-28,83411,2867,35306,45238,1377,57,3387,3.44,42.33,8.12,57,1377.0,57.0,3387.0,1029.2857142857142,3.4371965328314014,42.327750536499984
2020-02-29,85306,2936,38314,44056,1895,69,3008,3.44,44.91,7.66,61,1895.0,69.0,3008.0,1048.4285714285713,3.4417274283168826,44.913605139146135
2020-03-01,87690,2990,41208,43492,2384,54,2894,3.41,46.99,7.26,66,2384.0,54.0,2894.0,1342.857142857143,3.4097388527768273,46.99281560041054
2020-03-02,89664,3079,44085,42500,1974,89,2877,3.43,49.17,6.98,73,1974.0,89.0,2877.0,1544.2857142857142,3.4339311206281224,49.16688972162741
2020-03-03,92241,3154,46681,42406,2577,75,2596,3.42,50.61,6.76,76,2577.0,75.0,2596.0,1790.5714285714287,3.419303780314611,50.60764735854989
2020-03-04,94540,3249,49619,41672,2299,95,2938,3.44,52.48,6.55,80,2299.0,95.0,2938.0,1981.4285714285713,3.4366405754178126,52.484662576687114
2020-03-05,97331,3342,52237,41752,2791,93,2618,3.43,53.67,6.4,84,2791.0,93.0,2618.0,2185.285714285714,3.4336439572181527,53.66943728103071
2020-03-06,101274,3454,54270,43550,3943,112,2033,3.41,53.59,6.36,93,3943.0,112.0,2033.0,2551.8571428571427,3.410549598119952,53.587297825700574
2020-03-07,105312,3553,56760,44999,4038,99,2490,3.37,53.9,6.26,94,4038.0,99.0,2490.0,2858.0,3.373784563962322,53.89699179580675
2020-03-08,109266,3797,59092,46377,3954,244,2332,3.48,54.08,6.43,99,3954.0,244.0,2332.0,3082.285714285714,3.4750059487855327,54.08086687533176
2020-03-09,113166,3981,60891,48294,3900,184,1799,3.52,53.81,6.54,102,3900.0,184.0,1799.0,3357.4285714285716,3.517841047664493,53.8067970945337
2020-03-10,118190,4260,62802,51128,5024,279,1911,3.6,53.14,6.78,105,5024.0,279.0,1911.0,3707.0,3.6043658515948893,53.13647516710381
2020-03-11,125853,4604,65113,56136,7663,344,2311,3.66,51.74,7.07,111,7663.0,344.0,2311.0,4473.285714285715,3.65823619619715,51.73734436207321
2020-03-12,131603,4909,66434,60260,5750,305,1321,3.73,50.48,7.39,113,5750.0,305.0,1321.0,4896.0,3.730158127094367,50.48061214410006
2020-03-13,146008,5406,68359,72243,14405,497,1925,3.7,46.82,7.91,120,14405.0,497.0,1925.0,6390.571428571428,3.702536847296039,46.8186674702756
2020-03-14,157114,5823,70729,80562,11106,417,2370,3.71,45.02,8.23,133,11106.0,417.0,2370.0,7400.285714285715,3.706226052420535,45.01763051033008
2020-03-15,168260,6464,74139,87657,11146,641,3410,3.84,44.06,8.72,137,11146.0,641.0,3410.0,8427.714285714286,3.8416736003803638,44.062165695946746
2020-03-16,182919,7144,76192,99583,14659,680,2053,3.91,41.65,9.38,143,14659.0,680.0,2053.0,9964.714285714286,3.9055538243703496,41.65340943259038
2020-03-17,198757,7948,78944,111865,15838,804,2752,4.0,39.72,10.07,146,15838.0,804.0,2752.0,11509.57142857143,3.998852870590721,39.71885266933995
2020-03-18,218343,8845,81427,128071,19586,897,2483,4.05,37.29,10.86,150,19586.0,897.0,2483.0,13212.857142857143,4.050965682435434,37.29315801285134
2020-03-19,246261,9951,83064,153246,27918,1106,1637,4.04,33.73,11.98,154,27918.0,1106.0,1637.0,16379.714285714286,4.04083472413415,33.730066880261184
2020-03-20,275869,11429,85509,178931,29608,1478,2445,4.14,31.0,13.37,161,29608.0,1478.0,2445.0,18551.571428571428,4.142908409426213,30.996233719627796
2020-03-21,308175,13134,89775,205266,32306,1705,4266,4.26,29.13,14.63,163,32306.0,1705.0,4266.0,21580.14285714286,4.26186420053541,29.131175468483818
2020-03-22,341585,14831,95990,230764,33410,1697,6215,4.34,28.1,15.45,168,33410.0,1697.0,6215.0,24760.714285714286,4.341818288273783,28.101351054642333
2020-03-23,383750,16748,96456,270546,42165,1917,466,4.36,25.14,17.36,169,42165.0,1917.0,466.0,28690.14285714286,4.364299674267101,25.13511400651466
2020-03-24,424889,19016,105997,299876,41154,2268,9541,4.48,24.95,17.94,171,41139.0,2268.0,9541.0,32304.571428571428,4.475521842175251,24.946986154030817
2020-03-25,475706,21793,111445,342468,50817,2777,5448,4.58,23.43,19.55,174,50817.0,2777.0,5448.0,36766.142857142855,4.581190903625348,23.42728491967728
2020-03-26,538666,24800,119804,394062,62960,3007,8359,4.6,22.24,20.7,175,62960.0,3007.0,8359.0,41772.142857142855,4.6039660940174425,22.240869109986523
2020-03-27,603066,28318,128508,446240,64400,3518,8704,4.7,21.31,22.04,176,64400.0,3518.0,8704.0,46742.42857142857,4.695671783851187,21.309110445622867
2020-03-28,670723,31997,136800,501926,67657,3679,8292,4.77,20.4,23.39,176,67657.0,3679.0,8292.0,51792.57142857143,4.77052374825375,20.39590113951661
2020-03-29,730300,35470,146261,548569,59577,3473,9461,4.86,20.03,24.25,176,59577.0,3473.0,9461.0,55530.71428571428,4.856908119950705,20.027522935779814
2020-03-30,794939,39634,161707,593598,64639,4164,15446,4.99,20.34,24.51,177,64639.0,4164.0,15446.0,58741.28571428572,4.9857913626076975,20.34206398226782
2020-03-31,871355,44478,174074,652803,76416,4844,12367,5.1,19.98,25.55,179,76416.0,4844.0,12367.0,63780.857142857145,5.1044637375122655,19.9773915338754
2020-04-01,947569,50029,189434,708106,76214,5551,15360,5.28,19.99,26.41,179,76214.0,5551.0,15360.0,67409.0,5.279721054614493,19.991578449696014
2020-04-02,1028968,56334,206052,766582,81399,6305,16618,5.47,20.03,27.34,180,81399.0,6305.0,16618.0,70043.14285714286,5.474805824865301,20.02511253994293
2020-04-03,1112123,62319,221060,828744,83155,5985,15008,5.6,19.88,28.19,180,83155.0,5985.0,15008.0,72722.42857142857,5.603606795291529,19.877297744943682
2020-04-04,1192586,68160,241072,883354,80463,5841,20012,5.72,20.21,28.27,180,80463.0,5841.0,20012.0,74551.85714285714,5.715311097061344,20.214223544465558
2020-04-05,1264304,73181,254477,936646,71718,5021,13405,5.79,20.13,28.76,182,71718.0,5021.0,13405.0,76286.28571428571,5.788243966640935,20.127833179361925
2020-04-06,1336976,79013,270812,987151,72672,5832,16335,5.91,20.26,29.18,183,72672.0,5832.0,16335.0,77433.85714285714,5.90982934622611,20.255561805148332
2020-04-07,1413849,86915,293665,1033269,76873,7902,22853,6.15,20.77,29.6,183,76873.0,7902.0,22853.0,77499.14285714286,6.147403294128298,20.770605630445687
2020-04-08,1497624,93650,322017,1081957,83775,6735,28352,6.25,21.5,29.08,183,83775.0,6735.0,28352.0,78579.28571428571,6.253238463058819,21.5018589445682
2020-04-09,1584249,101279,346349,1136621,86625,7629,24332,6.39,21.86,29.24,183,86625.0,7629.0,24332.0,79325.85714285714,6.392871322626684,21.86203052676694
2020-04-10,1671907,108551,367477,1195879,87658,7272,21128,6.49,21.98,29.54,184,87658.0,7272.0,21128.0,79969.14285714286,6.492645823003312,21.979512018312022
2020-04-11,1748872,114620,392991,1241261,76965,6069,25514,6.55,22.47,29.17,184,76965.0,6069.0,25514.0,79469.42857142857,6.553938767388351,22.471112808713272
2020-04-12,1845653,120351,411864,1313438,96802,5731,18873,6.52,22.32,29.22,184,96781.0,5731.0,18873.0,83049.85714285714,6.5207815336902435,22.315353969570662
2020-04-13,1915247,126098,438395,1350754,69594,5747,26531,6.58,22.89,28.76,184,69594.0,5747.0,26531.0,82610.14285714286,6.583902755101562,22.889736937324535
2020-04-14,1985174,132996,463014,1389164,69927,6898,24619,6.7,23.32,28.72,184,69927.0,6898.0,24619.0,81617.85714285714,6.699463120109371,23.32359783071912
2020-04-15,2066003,141308,498925,1425770,80829,8312,35911,6.84,24.15,28.32,184,80829.0,8312.0,35911.0,81197.0,6.839680290880507,24.149287295323386
2020-04-16,2162715,148591,529015,1485109,96712,7283,30090,6.87,24.46,28.09,184,96712.0,7283.0,30090.0,82638.0,6.870577029335811,24.460689457464344
2020-04-17,2250439,157481,554287,1538671,87724,8890,25272,7.0,24.63,28.41,184,87724.0,8890.0,25272.0,82647.42857142857,6.997790208932568,24.630172157521265
2020-04-18,2324396,163952,577789,1582655,73958,6471,23502,7.05,24.86,28.38,184,73957.0,6471.0,23502.0,82217.71428571429,7.053531325987482,24.857597414554146
2020-04-19,2404919,168522,608557,1627840,80523,4570,30768,7.01,25.3,27.69,184,80523.0,4570.0,30768.0,79895.14285714286,7.007387774806554,25.304677621158966
2020-04-20,2478258,173965,629862,1674431,73339,5443,21305,7.02,25.42,27.62,184,73339.0,5443.0,21305.0,80430.14285714286,7.019648478891222,25.415513639015792
2020-04-21,2553508,181122,664043,1708343,75250,7157,34181,7.09,26.01,27.28,184,75250.0,7157.0,34181.0,81190.57142857143,7.093065696289183,26.005127064414914
2020-04-22,2630314,187877,693207,1749230,78994,6755,29164,7.14,26.35,27.1,184,76806.0,6755.0,29164.0,80615.85714285714,7.142759381579538,26.35453409744996
2020-04-23,2719327,194727,721689,1802911,89013,6850,28482,7.16,26.54,26.98,184,89013.0,6850.0,28482.0,79516.0,7.160852666854703,26.539250336572245
2020-04-24,2806267,201401,771329,1833537,96974,6674,49640,7.18,27.49,26.11,184,86940.0,6674.0,49640.0,79404.0,7.17682957466271,27.485944851291773
2020-04-25,2891199,206979,798239,1885981,84932,5578,26910,7.16,27.61,25.93,184,84932.0,5578.0,26910.0,80971.85714285714,7.158933023980708,27.609272139344267
2020-04-26,2964146,210862,825969,1927315,72948,3883,27730,7.11,27.87,25.53,184,72947.0,3883.0,27730.0,79889.57142857143,7.113752156607671,27.865327821234175
2020-04-27,3032850,215511,852382,1964957,68704,4649,26413,7.11,28.1,25.28,184,68704.0,4649.0,26413.0,79227.42857142857,7.105890499035561,28.104983761148755
2020-04-28,3108149,221974,884680,2001495,75404,6463,32298,7.14,28.46,25.09,184,75299.0,6463.0,32298.0,79234.42857142857,7.141678214268364,28.463242914030186
2020-04-29,3185195,228742,925752,2030701,79558,6768,41072,7.18,29.06,24.71,184,77046.0,6768.0,41072.0,79268.71428571429,7.181412754949069,29.064217418399817
2020-04-30,3268876,234704,989616,2044556,83681,5962,63864,7.18,30.27,23.72,186,83681.0,5962.0,63864.0,78507.0,7.179960328871453,30.273892310384365
2020-05-01,3355922,239881,1026501,2089540,87046,5177,36885,7.15,30.59,23.37,186,87046.0,5177.0,36885.0,78522.14285714286,7.1479909246996804,30.587749059721887
2020-05-02,3437608,245206,1066362,2126040,81853,5325,39861,7.13,31.02,22.99,186,81686.0,5325.0,39861.0,78058.42857142857,7.133041347355487,31.02046539337819
2020-05-03,3515244,248659,1097577,2169008,77636,3453,31215,7.07,31.22,22.66,186,77636.0,3453.0,31215.0,78728.28571428571,7.073733715212942,31.223351778710096
2020-05-04,3591321,252787,1130526,2208008,76078,4128,32949,7.04,31.48,22.36,186,76077.0,4128.0,32949.0,79781.57142857143,7.038830558449105,31.479391566501576
2020-05-05,3671310,258658,1166155,2246497,79989,5871,35629,7.05,31.76,22.18,186,79989.0,5871.0,35629.0,80451.57142857143,7.045387068920903,31.764002495022215
2020-05-06,3761332,265327,1210894,2285111,90022,6669,44739,7.05,32.19,21.91,186,90022.0,6669.0,44739.0,82305.28571428571,7.054070207043675,32.19322303907233
2020-05-07,3850418,270736,1249311,2330371,90669,5409,38417,7.03,32.45,21.67,186,89086.0,5409.0,38417.0,83077.42857142857,7.031340493421753,32.44611364272658
2020-05-08,3941935,276304,1284849,2380782,92997,5568,35538,7.01,32.59,21.5,186,91517.0,5568.0,35538.0,83716.14285714286,7.009349469232749,32.594373068049066
2020-05-09,4027781,280569,1337367,2409845,85846,4265,52518,6.97,33.2,20.98,186,85846.0,4265.0,52518.0,84310.42857142857,6.9658454618063885,33.20356791990429
2020-05-10,4104027,284135,1370108,2449784,76255,3566,32741,6.92,33.38,20.74,186,76246.0,3566.0,32741.0,84111.85714285714,6.92332189822338,33.38447822102535
2020-05-11,4180268,287608,1416204,2476456,76298,3473,46096,6.88,33.88,20.31,186,76241.0,3473.0,46096.0,84135.28571428571,6.880133044101479,33.8783063669602
2020-05-12,4263867,293155,1452191,2518521,83619,5547,35987,6.88,34.06,20.19,186,83599.0,5547.0,35987.0,84651.0,6.8753317118005794,34.05807451311216
2020-05-13,4348619,298383,1506905,2543331,84917,5228,54714,6.86,34.65,19.8,187,84752.0,5228.0,54714.0,83898.14285714286,6.86155765772996,34.65249542440945
2020-05-14,4445724,303651,1545712,2596361,97106,5268,38807,6.83,34.77,19.64,187,97105.0,5268.0,38807.0,85043.71428571429,6.83018109086394,34.768510145928985
2020-05-15,4542073,308866,1592880,2640327,96349,5215,47168,6.8,35.07,19.39,187,96349.0,5215.0,47168.0,85734.0,6.800110874483964,35.06944956631036
2020-05-16,4637485,313037,1648546,2675902,95412,4171,55666,6.75,35.55,18.99,187,95412.0,4171.0,55666.0,87100.57142857143,6.75014582257409,35.5482767060163
2020-05-17,4715994,316366,1688699,2710929,78509,3329,40153,6.71,35.81,18.73,187,78509.0,3329.0,40153.0,87423.85714285714,6.708363072556921,35.8079123934424
2020-05-18,4804278,319657,1740909,2743712,88284,3291,52210,6.65,36.24,18.36,187,88284.0,3291.0,52210.0,89144.28571428571,6.65359082051455,36.23664159318008
2020-05-19,4900702,324441,1792256,2784005,96633,4784,51347,6.62,36.57,18.1,187,96424.0,4784.0,51347.0,90976.42857142857,6.620296439163205,36.5714136464531
2020-05-20,5003730,329326,1850441,2823963,103028,4885,58185,6.58,36.98,17.8,187,103028.0,4885.0,58185.0,93587.28571428571,6.581610118851337,36.981232000927314
2020-05-21,5110064,334112,1900768,2875184,106438,4786,50327,6.54,37.2,17.58,187,106334.0,4786.0,50327.0,94905.71428571429,6.538313414469956,37.19655957342217
2020-05-22,5216964,339396,2008541,2869027,106900,5284,107773,6.51,38.5,16.9,187,106900.0,5284.0,107773.0,96413.0,6.505622810508181,38.500188998812334
2020-05-23,5322253,343385,2062802,2916066,105289,3989,54261,6.45,38.76,16.65,187,105289.0,3989.0,54261.0,97824.0,6.451872919231762,38.75805979159578
2020-05-24,5417579,346525,2117555,2953499,95326,3140,54753,6.4,39.09,16.36,187,95326.0,3140.0,54753.0,100226.42857142857,6.396307280429136,39.08673966729419
2020-05-25,5504542,347703,2180605,2976234,87335,1178,63050,6.32,39.61,15.95,187,86963.0,1178.0,63050.0,100037.71428571429,6.316656317637326,39.61464913883844
2020-05-26,5597064,351906,2235118,3010040,92742,4203,54513,6.29,39.93,15.74,187,92522.0,4203.0,54513.0,99480.28571428571,6.287332072672387,39.93375812747541
2020-05-27,5699664,357119,2297613,3044932,102600,5213,62495,6.27,40.31,15.54,187,102600.0,5213.0,62495.0,99419.14285714286,6.265614955548257,40.311376249547344
2020-05-28,5818978,361820,2363746,3093412,119314,4701,66133,6.22,40.62,15.31,187,119314.0,4701.0,66133.0,101273.42857142857,6.217930365091602,40.62132560047486
2020-05-29,5940145,366562,2440127,3133456,121167,4742,76381,6.17,41.08,15.02,187,121167.0,4742.0,76381.0,103311.57142857143,6.170926803975324,41.07857636471837
2020-05-30,6077978,370718,2509981,3197279,137833,4156,69854,6.1,41.3,14.77,187,137833.0,4156.0,69854.0,107960.71428571429,6.0993639661084655,41.296315978767936
2020-05-31,6185530,373606,2585589,3226335,107552,2888,75608,6.04,41.8,14.45,187,107552.0,2888.0,75608.0,109707.28571428571,6.039999805998839,41.80060560695688
2020-06-01,6280725,376674,2639599,3264452,95195,3068,54010,6.0,42.03,14.27,187,95195.0,3068.0,54010.0,110883.28571428571,5.997301266971568,42.026979369419934
2020-06-02,6401536,381497,2743083,3276956,121577,4823,103484,5.96,42.85,13.91,187,120811.0,4823.0,103484.0,114924.57142857143,5.959460354514916,42.850387781932334
2020-06-03,6520924,387069,2821430,3312425,119389,5572,78347,5.94,43.27,13.72,187,119388.0,5572.0,78347.0,117322.85714285714,5.935799895842981,43.267334506582195
2020-06-04,6647861,392218,2890776,3364867,126937,5149,69346,5.9,43.48,13.57,187,126937.0,5149.0,69346.0,118411.85714285714,5.899912768934248,43.484302695257924
2020-06-05,6778724,396994,2959037,3422693,130863,4776,68261,5.86,43.65,13.42,187,130863.0,4776.0,68261.0,119797.0,5.856470922846246,43.65182886926802
2020-06-06,6914666,400875,3030214,3483577,135942,3881,71177,5.8,43.82,13.23,187,135942.0,3881.0,71177.0,119526.85714285714,5.797460065316242,43.82299882597366
2020-06-07,7026925,403617,3084718,3538590,112259,2742,54504,5.74,43.9,13.08,187,112259.0,2742.0,54504.0,120199.28571428571,5.7438637810991295,43.89854737313975
2020-06-08,7129150,407314,3235640,3486196,102225,3697,150922,5.71,45.39,12.59,187,102225.0,3697.0,150922.0,121203.57142857143,5.713359937720486,45.386055841159184
2020-06-09,7253492,412236,3317121,3524135,124342,4922,81481,5.68,45.73,12.43,187,124342.0,4922.0,81481.0,121708.0,5.68327641362257,45.731366354302175
2020-06-10,7387517,417441,3395154,3574922,134025,5205,78033,5.65,45.96,12.3,187,134025.0,5205.0,78033.0,123799.0,5.650626590774681,45.9579856127573
2020-06-11,7525631,422215,3480121,3623295,138114,4774,84967,5.61,46.24,12.13,187,138114.0,4774.0,84967.0,125395.71428571429,5.610360114653509,46.24357744885445
2020-06-12,7654725,426512,3558933,3669280,129094,4297,78812,5.57,46.49,11.98,187,129094.0,4297.0,78812.0,125143.0,5.571878806880718,46.493283560154026
2020-06-13,7790735,430750,3644048,3715937,136010,4238,85115,5.53,46.77,11.82,187,136010.0,4238.0,85115.0,125152.71428571429,5.529003361043599,46.77412336576715
2020-06-14,7924156,434124,3714006,3776026,133421,3374,69958,5.48,46.87,11.69,187,133421.0,3374.0,69958.0,128175.85714285714,5.478488813193481,46.869420541443155
2020-06-15,8043794,437549,3793406,3812839,119638,3425,79400,5.44,47.16,11.53,187,119638.0,3425.0,79400.0,130663.42857142857,5.439584852620542,47.15941258565299
2020-06-16,8185197,444416,3890800,3849981,141403,6867,97394,5.43,47.53,11.42,187,141403.0,6867.0,97394.0,133100.7142857143,5.42950890491701,47.53459202020428
2020-06-17,8327050,449671,4008201,3869178,141853,5255,117401,5.4,48.13,11.22,187,141853.0,5255.0,117401.0,134219.0,5.400123693264722,48.13470556799827
2020-06-18,8466978,454700,4088826,3923452,139928,5029,80625,5.37,48.29,11.12,187,139928.0,5029.0,80625.0,134478.14285714287,5.37027496705436,48.29144471616674
2020-06-19,8647784,460973,4183298,4003513,180954,6273,94472,5.33,48.37,11.02,187,180806.0,6273.0,94472.0,141865.57142857142,5.330533232559925,48.374219337578275
2020-06-20,8805336,465222,4298603,4041511,157552,4249,115305,5.28,48.82,10.82,187,157552.0,4249.0,115305.0,144943.0,5.2834099686826255,48.81815980673537
2020-06-21,8933875,469185,4366875,4097815,128539,3963,68272,5.25,48.88,10.74,187,128539.0,3963.0,68272.0,144245.57142857142,5.251752459039331,48.87996530061144
2020-06-22,9071733,472756,4458093,4140884,137858,3571,91218,5.21,49.14,10.6,187,137858.0,3571.0,91218.0,146848.42857142858,5.211308577975124,49.14268310145371
2020-06-23,9237071,478067,4561696,4197308,165338,5311,103603,5.18,49.38,10.48,187,165338.0,5311.0,103603.0,150267.7142857143,5.175525878278948,49.384658838283265
2020-06-24,9408254,483328,4677005,4247921,171183,5261,115309,5.14,49.71,10.33,187,171183.0,5261.0,115309.0,154457.7142857143,5.137276268264015,49.71172121841098
2020-06-25,9586141,489955,4769458,4326728,177887,6627,92453,5.11,49.75,10.27,187,177887.0,6627.0,92453.0,159880.42857142858,5.111076500961127,49.75368086073426
2020-06-26,9777487,494782,4875774,4406931,191346,4827,106316,5.06,49.87,10.15,187,191346.0,4827.0,106316.0,161386.14285714287,5.060420944563772,49.86735344163587
2020-06-27,9955597,499268,4981808,4474521,178110,4486,106034,5.01,50.04,10.02,187,178110.0,4486.0,106034.0,164323.0,5.014947873040662,50.040273827877925
2020-06-28,10117227,502357,5070592,4544278,162349,3089,88784,4.97,50.12,9.91,187,161630.0,3089.0,88784.0,169050.2857142857,4.965362544499595,50.11839706670612
2020-06-29,10275799,506078,5164494,4605227,158572,3721,93902,4.92,50.26,9.8,187,158572.0,3721.0,93902.0,172009.42857142858,4.924950361524199,50.25880712536319
2020-06-30,10449697,511210,5281459,4657028,173898,5132,116965,4.89,50.54,9.68,187,173898.0,5132.0,116965.0,173232.2857142857,4.892103570084377,50.54174298068163
2020-07-01,10667386,516221,5397083,4754082,217689,5011,115624,4.84,50.59,9.56,187,217689.0,5011.0,115624.0,179876.0,4.83924552837968,50.5942411758607
2020-07-02,10875091,521341,5681477,4672273,207705,5120,284394,4.79,52.24,9.18,187,207705.0,5120.0,284394.0,184135.7142857143,4.793900115410529,52.24302950660367
2020-07-03,11078585,526336,5790942,4761307,203495,4995,109465,4.75,52.27,9.09,187,203494.0,4995.0,109465.0,185871.14285714287,4.75093163973558,52.271494960773424
2020-07-04,11272152,530705,5986375,4755072,193567,4369,195433,4.71,53.11,8.87,187,193567.0,4369.0,195433.0,188079.2857142857,4.708107200825539,53.10764971941472
2020-07-05,11454847,534150,6105546,4815151,182695,3445,119171,4.66,53.3,8.75,187,182695.0,3445.0,119171.0,191088.57142857142,4.663091527979379,53.300982544769035
2020-07-06,11622190,537947,6228768,4855475,167343,3797,123222,4.63,53.59,8.64,187,167343.0,3797.0,123222.0,192341.57142857142,4.628619907263605,53.59375470543848
2020-07-07,11833034,544054,6373513,4915467,210844,6107,144745,4.6,53.86,8.54,187,210844.0,6107.0,144745.0,197619.57142857142,4.597755740412814,53.8620357213543
2020-07-08,12044836,549373,6531016,4964447,211802,5319,157503,4.56,54.22,8.41,187,211802.0,5319.0,157503.0,196778.57142857142,4.561066667906479,54.22253985027277
2020-07-09,12273063,554831,6665237,5052995,228227,5458,134221,4.52,54.31,8.32,187,228227.0,5458.0,134221.0,199710.2857142857,4.520721518336539,54.307852897031495
2020-07-10,12505640,560142,6804254,5141244,232577,5311,139017,4.48,54.41,8.23,187,232577.0,5311.0,139017.0,203865.0,4.479115023301486,54.409482441522385
2020-07-11,12721968,565039,6929711,5227218,216328,4897,125457,4.44,54.47,8.15,187,216328.0,4897.0,125457.0,207116.57142857142,4.441443336439771,54.47043256200613
2020-07-12,12914636,568993,7041174,5304469,192668,3954,111463,4.41,54.52,8.08,187,192668.0,3954.0,111463.0,208541.2857142857,4.405799745343191,54.52088622551964
2020-07-13,13107415,572808,7181139,5353468,192779,3815,139965,4.37,54.79,7.98,187,192779.0,3815.0,139965.0,212175.0,4.370106538932352,54.786843935283954
2020-07-14,13328867,578468,7322897,5427502,221452,5660,141758,4.34,54.94,7.9,187,221452.0,5660.0,141758.0,213690.42857142858,4.339963779366993,54.94013107040531
2020-07-15,13559984,583961,7482320,5493703,231122,5493,159423,4.31,55.18,7.8,187,231117.0,5493.0,159423.0,216449.7142857143,4.306502131565937,55.179416140904
2020-07-16,13812525,589760,7634241,5588524,252544,5799,151921,4.27,55.27,7.73,187,252541.0,5799.0,151921.0,219923.14285714287,4.269747928058049,55.270423039958295
2020-07-17,14054563,596503,7793760,5664300,242038,6743,159519,4.24,55.45,7.65,187,242038.0,6743.0,159519.0,221274.7142857143,4.244194572253865,55.45359183348497
2020-07-18,14292198,602130,7944550,5745518,237635,5627,150790,4.21,55.59,7.58,187,237635.0,5627.0,150790.0,224318.57142857142,4.212997888778199,55.586621455985984
2020-07-19,14506845,606159,8032235,5868451,214647,4029,87685,4.18,55.37,7.55,187,214647.0,4029.0,87685.0,227458.42857142858,4.178434387353005,55.368586346652215
2020-07-20,14713623,610319,8190777,5912527,206778,4160,158542,4.15,55.67,7.45,187,206778.0,4160.0,158542.0,229458.2857142857,4.147985849576274,55.667981978333955
2020-07-21,14947078,616557,8364986,5965535,233565,6238,174209,4.12,55.96,7.37,187,233455.0,6238.0,174209.0,231173.0,4.12493331472546,55.96402186434031
2020-07-22,15227725,623540,8541255,6062930,280647,6983,176269,4.09,56.09,7.3,187,280647.0,6983.0,176269.0,238248.7142857143,4.094767931519646,56.09015791919016
2020-07-23,15510481,633506,8710969,6166006,282756,9966,169714,4.08,56.16,7.27,187,282756.0,9966.0,169714.0,242565.14285714287,4.0843736567550675,56.161823737123306
2020-07-24,15791645,639650,8939705,6212290,281164,6144,228736,4.05,56.61,7.16,187,281164.0,6144.0,228736.0,248154.57142857142,4.050559647205849,56.61034680047582
2020-07-25,16047190,644517,9158743,6243930,255545,4867,219038,4.02,57.07,7.04,187,255545.0,4867.0,219038.0,250713.14285714287,4.016385423242324,57.07381167668607
2020-07-26,16251796,648621,9293464,6309711,204606,4104,134721,3.99,57.18,6.98,187,204606.0,4104.0,134721.0,249278.7142857143,3.9910727405143405,57.184227515531205
2020-07-27,16480485,654036,9468087,6358362,228693,5415,174623,3.97,57.45,6.91,187,228689.0,5415.0,174623.0,252408.85714285713,3.968548255709708,57.450293483474546
